-- INSERTING DATA INTO THE TABLES

INSERT INTO Route (Start_Location, End_Location, Distance)
VALUES 
    ('Majestic', 'Electronic City', 22.0), 
    ('Whitefield', 'Hebbal', 18.5), 
    ('MG Road', 'Yeshwanthpur', 15.0), 
    ('Koramangala', 'Indiranagar', 12.0), 
    ('Silk Board', 'Kengeri', 25.0), 
    ('BTM Layout', 'Banashankari', 10.0), 
    ('Jayanagar', 'Malleswaram', 20.0), 
    ('Rajajinagar', 'Yelahanka', 28.0), 
    ('KR Puram', 'Marathahalli', 8.5), 
    ('Hosur Road', 'Bellandur', 16.5), 
    ('Shivajinagar', 'Sarjapur', 27.0), 
    ('Domlur', 'Hennur', 14.5), 
    ('Basavanagudi', 'Whitefield', 23.5), 
    ('JP Nagar', 'RT Nagar', 11.0), 
    ('Ulsoor', 'Nagawara', 9.0), 
    ('Kumaraswamy Layout', 'Banaswadi', 13.0), 
    ('Vijayanagar', 'Brookefield', 21.0), 
    ('Peenya', 'Kadugodi', 19.0), 
    ('Kalyan Nagar', 'Hoodi', 10.5), 
    ('Mahadevapura', 'Hoskote', 25.5);

INSERT INTO Stop (Stop_Name, Location)
VALUES 
    ('Majestic', 'Majestic Bus Stand, Bangalore'), 
    ('Electronic City', 'Electronic City, Bangalore'), 
    ('Whitefield', 'Whitefield, Bangalore'), 
    ('Hebbal', 'Hebbal Flyover, Bangalore'), 
    ('MG Road', 'MG Road, Bangalore'), 
    ('Yeshwanthpur', 'Yeshwanthpur, Bangalore'), 
    ('Koramangala', 'Koramangala, Bangalore'), 
    ('Indiranagar', 'Indiranagar, Bangalore'), 
    ('Silk Board', 'Silk Board, Bangalore'), 
    ('Kengeri', 'Kengeri, Bangalore'), 
    ('BTM Layout', 'BTM Layout, Bangalore'), 
    ('Banashankari', 'Banashankari, Bangalore'), 
    ('Jayanagar', 'Jayanagar, Bangalore'), 
    ('Malleswaram', 'Malleswaram, Bangalore'), 
    ('Rajajinagar', 'Rajajinagar, Bangalore'), 
    ('Yelahanka', 'Yelahanka, Bangalore'), 
    ('KR Puram', 'KR Puram, Bangalore'), 
    ('Marathahalli', 'Marathahalli, Bangalore'), 
    ('Hosur Road', 'Hosur Road, Bangalore'), 
    ('Bellandur', 'Bellandur, Bangalore'), 
    ('Shivajinagar', 'Shivajinagar, Bangalore'), 
    ('Sarjapur', 'Sarjapur, Bangalore'), 
    ('Domlur', 'Domlur, Bangalore'), 
    ('Hennur', 'Hennur, Bangalore'), 
    ('Basavanagudi', 'Basavanagudi, Bangalore'), 
    ('JP Nagar', 'JP Nagar, Bangalore'), 
    ('RT Nagar', 'RT Nagar, Bangalore'), 
    ('Ulsoor', 'Ulsoor, Bangalore'), 
    ('Nagawara', 'Nagawara, Bangalore'), 
    ('Kumaraswamy Layout', 'Kumaraswamy Layout, Bangalore'), 
    ('Banaswadi', 'Banaswadi, Bangalore'), 
    ('Vijayanagar', 'Vijayanagar, Bangalore'), 
    ('Brookefield', 'Brookefield, Bangalore'), 
    ('Peenya', 'Peenya, Bangalore'), 
    ('Kadugodi', 'Kadugodi, Bangalore'), 
    ('Kalyan Nagar', 'Kalyan Nagar, Bangalore'), 
    ('Hoodi', 'Hoodi, Bangalore'), 
    ('Mahadevapura', 'Mahadevapura, Bangalore'), 
    ('Hoskote', 'Hoskote, Bangalore'), 
    ('Attibele', 'Attibele, Bangalore'), 
    ('Chandapura', 'Chandapura, Bangalore'), 
    ('Nagondanahalli', 'Nagondanahalli, Bangalore'), 
    ('Begur', 'Begur, Bangalore'), 
    ('Bannerghatta', 'Bannerghatta Road, Bangalore'), 
    ('Thippasandra', 'Thippasandra, Bangalore'), 
    ('Jakkur', 'Jakkur, Bangalore'), 
    ('Kothanur', 'Kothanur, Bangalore'), 
    ('HSR Layout', 'HSR Layout, Bangalore'), 
    ('Horamavu', 'Horamavu, Bangalore'), 
    ('Frazer Town', 'Frazer Town, Bangalore');

INSERT INTO Bus (Bus_Number, Capacity, Type, Registration_Number, Status, Last_Maintenance_Date)
VALUES 
    ('KA 01 1234', 50, 'AC', 'KA 01 1234', 'Active', '2024-09-01'),
    ('KA 02 5678', 60, 'Non-AC', 'KA 02 5678', 'Active', '2024-09-02'),
    ('KA 03 9012', 55, 'Sleeper', 'KA 03 9012', 'In Maintenance', '2024-08-15'),
    ('KA 04 3456', 45, 'Seater', 'KA 04 3456', 'Active', '2024-09-07'),
    ('KA 05 7890', 52, 'AC', 'KA 05 7890', 'Active', '2024-09-08'),
    ('KA 06 2345', 58, 'Non-AC', 'KA 06 2345', 'Active', '2024-08-28'),
    ('KA 07 6789', 50, 'Sleeper', 'KA 07 6789', 'In Maintenance', '2024-08-20'),
    ('KA 08 1235', 40, 'Seater', 'KA 08 1235', 'Active', '2024-09-10'),
    ('KA 09 5679', 55, 'AC', 'KA 09 5679', 'Active', '2024-09-11'),
    ('KA 10 9013', 60, 'Non-AC', 'KA 10 9013', 'Active', '2024-09-12'),
    ('KA 11 3457', 48, 'Seater', 'KA 11 3457', 'In Maintenance', '2024-08-22'),
    ('KA 12 7891', 54, 'AC', 'KA 12 7891', 'Active', '2024-09-13'),
    ('KA 13 2346', 45, 'Non-AC', 'KA 13 2346', 'Active', '2024-09-14'),
    ('KA 14 6788', 60, 'Sleeper', 'KA 14 6788', 'Active', '2024-09-15'),
    ('KA 15 1236', 53, 'AC', 'KA 15 1236', 'Active', '2024-09-16'),
    ('KA 16 5670', 50, 'Seater', 'KA 16 5670', 'Active', '2024-09-17'),
    ('KA 17 9014', 60, 'Non-AC', 'KA 17 9014', 'In Maintenance', '2024-09-18'),
    ('KA 18 3458', 40, 'Seater', 'KA 18 3458', 'Active', '2024-09-19'),
    ('KA 19 7892', 52, 'AC', 'KA 19 7892', 'Active', '2024-09-20'),
    ('KA 20 2347', 45, 'Non-AC', 'KA 20 2347', 'Active', '2024-09-21'),
    ('KA 21 6787', 58, 'Sleeper', 'KA 21 6787', 'Active', '2024-09-22'),
    ('KA 22 1237', 50, 'Seater', 'KA 22 1237', 'Active', '2024-09-23'),
    ('KA 23 5671', 55, 'AC', 'KA 23 5671', 'Active', '2024-09-24'),
    ('KA 24 9015', 60, 'Non-AC', 'KA 24 9015', 'Active', '2024-09-25'),
    ('KA 25 3459', 45, 'Sleeper', 'KA 25 3459', 'In Maintenance', '2024-09-26'),
    ('KA 26 7893', 52, 'AC', 'KA 26 7893', 'Active', '2024-09-27'),
    ('KA 27 2348', 50, 'Non-AC', 'KA 27 2348', 'Active', '2024-09-28'),
    ('KA 28 6786', 60, 'Sleeper', 'KA 28 6786', 'Active', '2024-09-29'),
    ('KA 29 1238', 53, 'AC', 'KA 29 1238', 'Active', '2024-09-30'),
    ('KA 30 5672', 48, 'Non-AC', 'KA 30 5672', 'In Maintenance', '2024-10-01'),
    ('KA 31 9016', 60, 'Seater', 'KA 31 9016', 'Active', '2024-10-02'),
    ('KA 32 3460', 52, 'AC', 'KA 32 3460', 'Active', '2024-10-03'),
    ('KA 33 7894', 50, 'Non-AC', 'KA 33 7894', 'Active', '2024-10-04'),
    ('KA 34 2349', 58, 'Sleeper', 'KA 34 2349', 'Active', '2024-10-05'),
    ('KA 35 6785', 53, 'AC', 'KA 35 6785', 'In Maintenance', '2024-10-06'),
    ('KA 36 1239', 50, 'Seater', 'KA 36 1239', 'Active', '2024-10-07'),
    ('KA 37 5673', 45, 'Non-AC', 'KA 37 5673', 'Active', '2024-10-08'),
    ('KA 38 9017', 55, 'Sleeper', 'KA 38 9017', 'Active', '2024-10-09'),
    ('KA 39 3461', 60, 'AC', 'KA 39 3461', 'Active', '2024-10-10'),
    ('KA 40 7895', 50, 'Non-AC', 'KA 40 7895', 'Active', '2024-10-11');

INSERT INTO Driver (Name, License_Number, Contact_Info)
VALUES 
    ('Rajesh Kumar', 'LIC001', '9000000001'),
    ('Anil Sharma', 'LIC002', '9000000002'),
    ('Vikram Singh', 'LIC003', '9000000003'),
    ('Amitabh Joshi', 'LIC004', '9000000004'),
    ('Ravi Patel', 'LIC005', '9000000005'),
    ('Suresh Reddy', 'LIC006', '9000000006'),
    ('Kiran Bhat', 'LIC007', '9000000007'),
    ('Manoj Desai', 'LIC008', '9000000008'),
    ('Akhil Mehta', 'LIC009', '9000000009'),
    ('Sanjay Kapoor', 'LIC010', '9000000010'),
    ('Rakesh Verma', 'LIC011', '9000000011'),
    ('Prakash Naidu', 'LIC012', '9000000012'),
    ('Harish Gowda', 'LIC013', '9000000013'),
    ('Arvind Nair', 'LIC014', '9000000014'),
    ('Nitin Das', 'LIC015', '9000000015'),
    ('Vijay Gupta', 'LIC016', '9000000016'),
    ('Sameer Kulkarni', 'LIC017', '9000000017'),
    ('Mahesh Choudhary', 'LIC018', '9000000018'),
    ('Siddharth Malhotra', 'LIC019', '9000000019'),
    ('Pawan Yadav', 'LIC020', '9000000020'),
    ('Rahul Mishra', 'LIC021', '9000000021'),
    ('Ashok Menon', 'LIC022', '9000000022'),
    ('Vinod Pillai', 'LIC023', '9000000023'),
    ('Girish Saxena', 'LIC024', '9000000024'),
    ('Deepak Shetty', 'LIC025', '9000000025'),
    ('Ramesh Iyer', 'LIC026', '9000000026'),
    ('Chandrashekhar Joshi', 'LIC027', '9000000027'),
    ('Mukesh Pandey', 'LIC028', '9000000028'),
    ('Anupam Sinha', 'LIC029', '9000000029'),
    ('Naveen Rao', 'LIC030', '9000000030');

INSERT INTO Bus_Driver (Bus_ID, Driver_ID)
VALUES
    (1, 1), (2, 2), (3, 3), (4, 4), (5, 5), (6, 6), (7, 7), (8, 8), (9, 9), (10, 10),
    (11, 11), (12, 12), (13, 13), (14, 14), (15, 15), (16, 16), (17, 17), (18, 18),
    (19, 19), (20, 20), (21, 21), (22, 22), (23, 23), (24, 24), (25, 25), (26, 26),
    (27, 27), (28, 28), (29, 29), (30, 30);
