use bmtc;
INSERT INTO Bus (Bus_Number, Capacity, Type, Registration_Number, Status, Last_Maintenance_Date) VALUES
('KA 01 1001', 50, 'AC', 'KA 01 1001', 'Active', '2024-09-01'),
('KA 01 1002', 60, 'Non-AC', 'KA 01 1002', 'Active', '2024-09-05'),
('KA 01 1003', 55, 'Sleeper', 'KA 01 1003', 'In Maintenance', '2024-08-15'),
('KA 01 1004', 40, 'Seater', 'KA 01 1004', 'Active', '2024-09-10'),
('KA 01 1005', 50, 'AC', 'KA 01 1005', 'Active', '2024-09-12'),
('KA 01 1006', 60, 'Non-AC', 'KA 01 1006', 'Active', '2024-09-02'),
('KA 01 1007', 55, 'Sleeper', 'KA 01 1007', 'In Maintenance', '2024-08-20'),
('KA 01 1008', 40, 'Seater', 'KA 01 1008', 'Active', '2024-09-15'),
('KA 01 1009', 50, 'AC', 'KA 01 1009', 'Active', '2024-09-18'),
('KA 01 1010', 60, 'Non-AC', 'KA 01 1010', 'Active', '2024-09-20'),
('KA 01 1011', 55, 'Sleeper', 'KA 01 1011', 'In Maintenance', '2024-09-21'),
('KA 01 1012', 40, 'Seater', 'KA 01 1012', 'Active', '2024-09-22'),
('KA 01 1013', 50, 'AC', 'KA 01 1013', 'Active', '2024-09-23'),
('KA 01 1014', 60, 'Non-AC', 'KA 01 1014', 'Active', '2024-09-24'),
('KA 01 1015', 55, 'Sleeper', 'KA 01 1015', 'In Maintenance', '2024-09-25'),
('KA 01 1016', 40, 'Seater', 'KA 01 1016', 'Active', '2024-09-26'),
('KA 01 1017', 50, 'AC', 'KA 01 1017', 'Active', '2024-09-27'),
('KA 01 1018', 60, 'Non-AC', 'KA 01 1018', 'Active', '2024-09-28'),
('KA 01 1019', 55, 'Sleeper', 'KA 01 1019', 'In Maintenance', '2024-09-29'),
('KA 01 1020', 40, 'Seater', 'KA 01 1020', 'Active', '2024-09-30'),
('KA 01 1021', 50, 'AC', 'KA 01 1021', 'Active', '2024-10-01'),
('KA 01 1022', 60, 'Non-AC', 'KA 01 1022', 'Active', '2024-10-02'),
('KA 01 1023', 55, 'Sleeper', 'KA 01 1023', 'In Maintenance', '2024-10-03'),
('KA 01 1024', 40, 'Seater', 'KA 01 1024', 'Active', '2024-10-04'),
('KA 01 1025', 50, 'AC', 'KA 01 1025', 'Active', '2024-10-05'),
('KA 01 1026', 60, 'Non-AC', 'KA 01 1026', 'Active', '2024-10-06'),
('KA 01 1027', 55, 'Sleeper', 'KA 01 1027', 'In Maintenance', '2024-10-07'),
('KA 01 1028', 40, 'Seater', 'KA 01 1028', 'Active', '2024-10-08'),
('KA 01 1029', 50, 'AC', 'KA 01 1029', 'Active', '2024-10-09'),
('KA 01 1030', 60, 'Non-AC', 'KA 01 1030', 'Active', '2024-10-10'),
('KA 01 1031', 55, 'Sleeper', 'KA 01 1031', 'In Maintenance', '2024-10-11'),
('KA 01 1032', 40, 'Seater', 'KA 01 1032', 'Active', '2024-10-12'),
('KA 01 1033', 50, 'AC', 'KA 01 1033', 'Active', '2024-10-13'),
('KA 01 1034', 60, 'Non-AC', 'KA 01 1034', 'Active', '2024-10-14'),
('KA 01 1035', 55, 'Sleeper', 'KA 01 1035', 'In Maintenance', '2024-10-15'),
('KA 01 1036', 40, 'Seater', 'KA 01 1036', 'Active', '2024-10-16'),
('KA 01 1037', 50, 'AC', 'KA 01 1037', 'Active', '2024-10-17'),
('KA 01 1038', 60, 'Non-AC', 'KA 01 1038', 'Active', '2024-10-18'),
('KA 01 1039', 55, 'Sleeper', 'KA 01 1039', 'In Maintenance', '2024-10-19'),
('KA 01 1040', 40, 'Seater', 'KA 01 1040', 'Active', '2024-10-20');

INSERT INTO Route (Start_Location, End_Location, Distance) VALUES
('MG Road', 'Electronic City', 15.50),
('Koramangala', 'Bangalore International Airport', 40.00),
('Indiranagar', 'Kothanur', 12.00),
('Jayanagar', 'Malleswaram', 8.50),
('BTM Layout', 'Cubbon Park', 10.50),
('Rajajinagar', 'Vidyapeetha', 6.00),
('Whitefield', 'Domlur', 12.00),
('HSR Layout', 'Silk Board', 5.50),
('Shanthinagar', 'Shivajinagar', 4.50),
('Banashankari', 'Jayanagar', 6.00),
('Kalyan Nagar', 'Bangalore Fort', 7.50),
('Marathahalli', 'Bellandur', 4.50),
('Hosur Road', 'Kamanahalli', 18.00),
('Vijayanagar', 'Sankey Tank', 5.50),
('Nagarbhavi', 'Kengeri', 15.00),
('Sarjapur', 'Sarjapur Road', 6.00),
('Yelahanka', 'Yeshwanthpur', 20.00),
('Basavanagudi', 'Bangalore Palace', 9.00),
('Davanagere', 'Vijay Nagar', 25.00),
('Sankey Tank', 'Indiranagar', 10.00),
('Seshadripuram', 'Chikpet', 3.50),
('Nandi Hills', 'Hennur', 22.00),
('Ulsoor', 'Sankey Tank', 7.50),
('BTM Layout', 'HSR Layout', 4.50),
('Raja Rajeshwari Nagar', 'Bangalore International Airport', 35.00),
('Kottigepalya', 'Malleswaram', 8.00),
('Channasandra', 'Kundalahalli', 18.00),
('Hennagara', 'Sarjapur', 12.50),
('Basaveshwara Nagar', 'Madiwala', 15.00),
('Banaswadi', 'MG Road', 10.00),
('Ameerpet', 'Kuchappa Colony', 9.00),
('JP Nagar', 'Bangalore City Railway Station', 10.00),
('BTM Layout', 'Vijay Nagar', 5.00),
('Koramangala', 'Electronic City', 20.00),
('Rajajinagar', 'Indiranagar', 12.00),
('Madiwala', 'Ashoka Nagar', 6.00),
('Cunningham Road', 'Shanthinagar', 8.00),
('Kengeri', 'Vidyapeetha', 15.00),
('Whitefield', 'Koramangala', 14.00),
('Yelahanka', 'Bangalore North', 20.00),
('HSR Layout', 'Varthur', 9.00),
('Chickpet', 'Malleshwaram', 5.00),
('Bangalore Palace', 'Vivekananda Road', 11.00),
('Vijay Nagar', 'Jayanagar', 12.50),
('Electronic City', 'Attibele', 8.00),
('Bangalore South', 'Kottigepalya', 14.00);

INSERT INTO Stop (Stop_Name, Location) VALUES
('MG Road', 'MG Road, Bangalore'),
('Electronic City', 'Electronic City, Bangalore'),
('Koramangala', 'Koramangala, Bangalore'),
('Bangalore International Airport', 'Devanahalli, Bangalore'),
('Indiranagar', 'Indiranagar, Bangalore'),
('Kothanur', 'Kothanur, Bangalore'),
('Jayanagar', 'Jayanagar, Bangalore'),
('Malleswaram', 'Malleswaram, Bangalore'),
('BTM Layout', 'BTM Layout, Bangalore'),
('Cubbon Park', 'Cubbon Park, Bangalore'),
('Rajajinagar', 'Rajajinagar, Bangalore'),
('Vidyapeetha', 'Vidyapeetha, Bangalore'),
('Whitefield', 'Whitefield, Bangalore'),
('Domlur', 'Domlur, Bangalore'),
('HSR Layout', 'HSR Layout, Bangalore'),
('Silk Board', 'Silk Board, Bangalore'),
('Shanthinagar', 'Shanthinagar, Bangalore'),
('Shivajinagar', 'Shivajinagar, Bangalore'),
('Banashankari', 'Banashankari, Bangalore'),
('Kalyan Nagar', 'Kalyan Nagar, Bangalore'),
('Bangalore Fort', 'Bangalore Fort, Bangalore'),
('Marathahalli', 'Marathahalli, Bangalore'),
('Bellandur', 'Bellandur, Bangalore'),
('Hosur Road', 'Hosur Road, Bangalore'),
('Kamanahalli', 'Kamanahalli, Bangalore'),
('Vijayanagar', 'Vijayanagar, Bangalore'),
('Sankey Tank', 'Sankey Tank, Bangalore'),
('Nagarbhavi', 'Nagarbhavi, Bangalore'),
('Kengeri', 'Kengeri, Bangalore'),
('Sarjapur', 'Sarjapur, Bangalore'),
('Sarjapur Road', 'Sarjapur Road, Bangalore'),
('Yelahanka', 'Yelahanka, Bangalore'),
('Yeshwanthpur', 'Yeshwanthpur, Bangalore'),
('Basavanagudi', 'Basavanagudi, Bangalore'),
('Bangalore Palace', 'Bangalore Palace, Bangalore'),
('Davanagere', 'Davanagere, Bangalore'),
('Seshadripuram', 'Seshadripuram, Bangalore'),
('Chikpet', 'Chikpet, Bangalore'),
('Nandi Hills', 'Nandi Hills, Bangalore'),
('Hennur', 'Hennur, Bangalore'),
('Ulsoor', 'Ulsoor, Bangalore'),
('Varthur', 'Varthur, Bangalore'),
('JP Nagar', 'JP Nagar, Bangalore'),
('Vivekananda Road', 'Vivekananda Road, Bangalore'),
('Madiwala', 'Madiwala, Bangalore'),
('Ashoka Nagar', 'Ashoka Nagar, Bangalore'),
('Cunningham Road', 'Cunningham Road, Bangalore'),
('Bangalore South', 'Bangalore South, Bangalore'),
('Kottigepalya', 'Kottigepalya, Bangalore'),
('Channasandra', 'Channasandra, Bangalore'),
('Kundalahalli', 'Kundalahalli, Bangalore'),
('Basaveshwara Nagar', 'Basaveshwara Nagar, Bangalore'),
('Banaswadi', 'Banaswadi, Bangalore');

INSERT INTO Route_Stop (Route_ID, Stop_ID, Stop_Order, Distance_From_Start) VALUES
(1, 1, 1, 0.00),
(1, 2, 2, 5.00),
(1, 3, 3, 10.00),
(2, 4, 1, 0.00),
(2, 5, 2, 15.00),
(2, 3, 3, 30.00),
(3, 6, 1, 0.00),
(3, 1, 2, 5.00),
(3, 2, 3, 10.00),
(4, 7, 1, 0.00),
(4, 8, 2, 4.00),
(4, 1, 3, 8.50),
(5, 9, 1, 0.00),
(5, 10, 2, 5.50),
(5, 6, 3, 10.00),
(6, 11, 1, 0.00),
(6, 12, 2, 2.50),
(6, 7, 3, 4.50),
(7, 13, 1, 0.00),
(7, 14, 2, 7.50),
(7, 11, 3, 10.00),
(8, 15, 1, 0.00),
(8, 16, 2, 4.50),
(8, 12, 3, 6.50),
(9, 17, 1, 0.00),
(9, 18, 2, 2.50),
(9, 19, 3, 5.50),
(10, 20, 1, 0.00),
(10, 21, 2, 8.50),
(10, 13, 3, 10.50),
(11, 22, 1, 0.00),
(11, 23, 2, 6.00),
(11, 17, 3, 8.50),
(12, 24, 1, 0.00),
(12, 25, 2, 5.50),
(12, 21, 3, 9.00),
(13, 26, 1, 0.00),
(13, 27, 2, 4.00),
(13, 22, 3, 6.50),
(14, 28, 1, 0.00),
(14, 29, 2, 3.50),
(14, 24, 3, 5.50),
(15, 30, 1, 0.00),
(15, 31, 2, 2.50),
(15, 26, 3, 5.00),
(16, 32, 1, 0.00),
(16, 33, 2, 4.50),
(16, 22, 3, 6.50),
(17, 34, 1, 0.00),
(17, 35, 2, 3.50),
(17, 28, 3, 5.00),
(18, 36, 1, 0.00),
(18, 37, 2, 2.50),
(18, 29, 3, 5.00),
(19, 38, 1, 0.00),
(19, 39, 2, 3.00),
(19, 30, 3, 5.00),
(20, 40, 1, 0.00),
(20, 1, 2, 1.50),
(20, 2, 3, 3.50);

INSERT INTO Schedule (Route_ID, Bus_ID, Departure_Time, Arrival_Time, Frequency) VALUES
(1, 1, '06:00:00', '06:45:00', 'Daily'),
(1, 2, '06:30:00', '07:15:00', 'Daily'),
(2, 3, '07:00:00', '07:50:00', 'Daily'),
(2, 4, '07:30:00', '08:15:00', 'Daily'),
(3, 5, '08:00:00', '08:30:00', 'Weekdays'),
(3, 6, '08:30:00', '09:00:00', 'Weekdays'),
(4, 7, '09:00:00', '09:30:00', 'Weekdays'),
(4, 8, '09:30:00', '10:00:00', 'Weekdays'),
(5, 9, '10:00:00', '10:45:00', 'Weekends'),
(5, 10, '10:30:00', '11:15:00', 'Weekends'),
(6, 11, '11:00:00', '11:30:00', 'Daily'),
(6, 12, '11:30:00', '12:00:00', 'Daily'),
(7, 13, '12:00:00', '12:30:00', 'Daily'),
(7, 14, '12:30:00', '13:00:00', 'Daily'),
(8, 15, '13:00:00', '13:30:00', 'Weekdays'),
(8, 16, '13:30:00', '14:00:00', 'Weekdays'),
(9, 17, '14:00:00', '14:30:00', 'Weekdays'),
(9, 18, '14:30:00', '15:00:00', 'Weekdays'),
(10, 19, '15:00:00', '15:45:00', 'Weekends'),
(10, 20, '15:30:00', '16:15:00', 'Weekends'),
(11, 21, '16:00:00', '16:30:00', 'Daily'),
(11, 22, '16:30:00', '17:00:00', 'Daily'),
(12, 23, '17:00:00', '17:30:00', 'Daily'),
(12, 24, '17:30:00', '18:00:00', 'Daily'),
(13, 25, '18:00:00', '18:30:00', 'Weekdays'),
(13, 26, '18:30:00', '19:00:00', 'Weekdays'),
(14, 27, '19:00:00', '19:30:00', 'Weekdays'),
(14, 28, '19:30:00', '20:00:00', 'Weekdays'),
(15, 29, '20:00:00', '20:45:00', 'Weekends'),
(15, 30, '20:30:00', '21:15:00', 'Weekends'),
(16, 31, '21:00:00', '21:30:00', 'Daily'),
(16, 32, '21:30:00', '22:00:00', 'Daily'),
(17, 33, '22:00:00', '22:30:00', 'Daily'),
(17, 34, '22:30:00', '23:00:00', 'Daily'),
(18, 35, '23:00:00', '23:30:00', 'Weekdays'),
(18, 36, '23:30:00', '00:00:00', 'Weekdays'),
(19, 37, '00:00:00', '00:30:00', 'Weekends'),
(19, 38, '00:30:00', '01:00:00', 'Weekends'),
(20, 39, '01:00:00', '01:30:00', 'Daily'),
(20, 40, '01:30:00', '02:00:00', 'Daily');

INSERT INTO Driver (Name, License_Number, Contact_Info) VALUES
('Rajesh Kumar', 'DL-123456789012', '9876543210'),
('Sunita Sharma', 'DL-123456789013', '8765432109'),
('Anil Desai', 'DL-123456789014', '7654321098'),
('Priya Gupta', 'DL-123456789015', '6543210987'),
('Ravi Singh', 'DL-123456789016', '5432109876'),
('Neha Joshi', 'DL-123456789017', '4321098765'),
('Vikram Yadav', 'DL-123456789018', '3210987654'),
('Pooja Reddy', 'DL-123456789019', '2109876543'),
('Karan Sethi', 'DL-123456789020', '1098765432'),
('Sneha Rani', 'DL-123456789021', '0987654321'),
('Ajay Mehta', 'DL-123456789022', '9876543210'),
('Deepak Rao', 'DL-123456789023', '8765432109'),
('Rohit Nair', 'DL-123456789024', '7654321098'),
('Maya Naik', 'DL-123456789025', '6543210987'),
('Rahul Chaudhary', 'DL-123456789026', '5432109876'),
('Swati Kapoor', 'DL-123456789027', '4321098765'),
('Suresh Patil', 'DL-123456789028', '3210987654'),
('Aditi Singh', 'DL-123456789029', '2109876543'),
('Manish Joshi', 'DL-123456789030', '1098765432'),
('Neelam Desai', 'DL-123456789031', '0987654321'),
('Arvind Tiwari', 'DL-123456789032', '9876543210'),
('Vinayak Rao', 'DL-123456789033', '8765432109'),
('Tanvi Verma', 'DL-123456789034', '7654321098'),
('Kriti Sharma', 'DL-123456789035', '6543210987'),
('Ishaan Malhotra', 'DL-123456789036', '5432109876'),
('Devika Bhat', 'DL-123456789037', '4321098765'),
('Shivam Yadav', 'DL-123456789038', '3210987654'),
('Bhavna Reddy', 'DL-123456789039', '2109876543'),
('Ramesh Iyer', 'DL-123456789040', '1098765432'),
('Ananya Sen', 'DL-123456789041', '0987654321'),
('Kartik Jain', 'DL-123456789042', '9876543210'),
('Rekha Menon', 'DL-123456789043', '8765432109'),
('Ajit Bhardwaj', 'DL-123456789044', '7654321098'),
('Nitin Sethi', 'DL-123456789045', '6543210987'),
('Geeta Kumari', 'DL-123456789046', '5432109876'),
('Pranav Patil', 'DL-123456789047', '4321098765'),
('Riya Das', 'DL-123456789048', '3210987654'),
('Neha Choudhury', 'DL-123456789049', '2109876543'),
('Vivek Ranjan', 'DL-123456789050', '1098765432');

INSERT INTO Bus_Driver (Bus_ID, Driver_ID) VALUES
(1, 1),  -- Rajesh Kumar
(1, 2),  -- Sunita Sharma
(2, 3),  -- Anil Desai
(2, 4),  -- Priya Gupta
(3, 5),  -- Ravi Singh
(3, 6),  -- Neha Joshi
(4, 7),  -- Vikram Yadav
(4, 8),  -- Pooja Reddy
(5, 9),  -- Karan Sethi
(5, 10), -- Sneha Rani
(6, 11), -- Ajay Mehta
(6, 12), -- Deepak Rao
(7, 13), -- Rohit Nair
(7, 14), -- Maya Naik
(8, 15), -- Rahul Chaudhary
(8, 16), -- Swati Kapoor
(9, 17), -- Suresh Patil
(9, 18), -- Aditi Singh
(10, 19),-- Manish Joshi
(10, 20),-- Neelam Desai
(11, 1), -- Rajesh Kumar
(11, 2), -- Sunita Sharma
(12, 3), -- Anil Desai
(12, 4), -- Priya Gupta
(13, 5), -- Ravi Singh
(13, 6), -- Neha Joshi
(14, 7), -- Vikram Yadav
(14, 8), -- Pooja Reddy
(15, 9), -- Karan Sethi
(15, 10),-- Sneha Rani
(16, 11),-- Ajay Mehta
(16, 12),-- Deepak Rao
(17, 13),-- Rohit Nair
(17, 14),-- Maya Naik
(18, 15),-- Rahul Chaudhary
(18, 16),-- Swati Kapoor
(19, 17),-- Suresh Patil
(19, 18),-- Aditi Singh
(20, 19),-- Manish Joshi
(20, 20);-- Neelam Desai




INSERT INTO Passenger (Name, Contact_Info, Email) VALUES
('Rahul Verma', '9876543210', 'rahul.verma@example.com'),
('Priya Sharma', '8765432109', 'priya.sharma@example.com'),
('Amit Kumar', '7654321098', 'amit.kumar@example.com'),
('Sneha Rani', '6543210987', 'sneha.rani@example.com'),
('Anil Desai', '5432109876', 'anil.desai@example.com'),
('Kavya Gupta', '4321098765', 'kavya.gupta@example.com'),
('Ravi Singh', '3210987654', 'ravi.singh@example.com'),
('Neha Joshi', '2109876543', 'neha.joshi@example.com'),
('Vikram Yadav', '1098765432', 'vikram.yadav@example.com'),
('Pooja Reddy', '0987654321', 'pooja.reddy@example.com'),
('Karan Sethi', '9876543210', 'karan.sethi@example.com'),
('Deepak Rao', '8765432109', 'deepak.rao@example.com'),
('Aditi Sharma', '7654321098', 'aditi.sharma@example.com'),
('Rohit Nair', '6543210987', 'rohit.nair@example.com'),
('Maya Naik', '5432109876', 'maya.naik@example.com'),
('Rahul Chaudhary', '4321098765', 'rahul.chaudhary@example.com'),
('Swati Kapoor', '3210987654', 'swati.kapoor@example.com'),
('Suresh Patil', '2109876543', 'suresh.patil@example.com'),
('Aditi Singh', '1098765432', 'aditi.singh@example.com'),
('Manish Joshi', '0987654321', 'manish.joshi@example.com'),
('Neelam Desai', '9876543210', 'neelam.desai@example.com'),
('Arvind Tiwari', '8765432109', 'arvind.tiwari@example.com'),
('Vinayak Rao', '7654321098', 'vinayak.rao@example.com'),
('Tanvi Verma', '6543210987', 'tanvi.verma@example.com'),
('Kriti Sharma', '5432109876', 'kriti.sharma@example.com'),
('Ishaan Malhotra', '4321098765', 'ishaan.malhotra@example.com'),
('Devika Bhat', '3210987654', 'devika.bhat@example.com'),
('Shivam Yadav', '2109876543', 'shivam.yadav@example.com'),
('Bhavna Reddy', '1098765432', 'bhavna.reddy@example.com'),
('Ramesh Iyer', '0987654321', 'ramesh.iyer@example.com'),
('Ananya Sen', '9876543210', 'ananya.sen@example.com'),
('Kartik Jain', '8765432109', 'kartik.jain@example.com'),
('Rekha Menon', '7654321098', 'rekha.menon@example.com'),
('Ajit Bhardwaj', '6543210987', 'ajit.bhardwaj@example.com'),
('Nitin Sethi', '5432109876', 'nitin.sethi@example.com'),
('Geeta Kumari', '4321098765', 'geeta.kumari@example.com'),
('Pranav Patil', '3210987654', 'pranav.patil@example.com'),
('Riya Das', '2109876543', 'riya.das@example.com'),
('Neha Choudhury', '1098765432', 'neha.choudhury@example.com'),
('Vivek Ranjan', '0987654321', 'vivek.ranjan@example.com'),
('Arun Khandelwal', '9876543210', 'arun.khandelwal@example.com'),
('Mohan Pillai', '8765432109', 'mohan.pillai@example.com'),
('Anjali Iyer', '7654321098', 'anjali.iyer@example.com'),
('Vishal Agarwal', '6543210987', 'vishal.agarwal@example.com'),
('Chaitanya Ghosh', '5432109876', 'chaitanya.ghosh@example.com'),
('Pritam Banerjee', '4321098765', 'pritam.banerjee@example.com'),
('Rani Sharma', '3210987654', 'rani.sharma@example.com'),
('Arvind Nair', '2109876543', 'arvind.nair@example.com'),
('Nandita Jain', '1098765432', 'nandita.jain@example.com'),
('Dinesh Patil', '0987654321', 'dinesh.patil@example.com');

INSERT INTO Ticket (Passenger_ID, Schedule_ID, Boarding_Stop_ID, Destination_Stop_ID, Fare) VALUES
(1, 1, 1, 2, 10.00),
(2, 2, 3, 4, 15.50),
(3, 3, 5, 6, 8.00),
(4, 4, 7, 8, 12.50),
(5, 5, 9, 10, 20.00),
(6, 6, 11, 12, 25.50),
(7, 7, 13, 14, 11.00),
(8, 8, 15, 16, 18.00),
(9, 9, 17, 18, 16.50),
(10, 10, 19, 20, 14.00),
(11, 11, 21, 22, 9.00),
(12, 12, 23, 24, 13.50),
(13, 13, 25, 26, 10.00),
(14, 14, 27, 28, 22.00),
(15, 15, 29, 30, 17.50),
(16, 16, 31, 32, 11.00),
(17, 17, 33, 34, 24.00),
(18, 18, 35, 36, 20.00),
(19, 19, 37, 38, 14.50),
(20, 20, 39, 40, 19.00),
(21, 1, 2, 3, 12.00),
(22, 2, 4, 5, 16.00),
(23, 3, 6, 7, 15.00),
(24, 4, 8, 9, 13.00),
(25, 5, 10, 11, 11.50),
(26, 6, 12, 13, 9.50),
(27, 7, 14, 15, 18.00),
(28, 8, 16, 17, 8.00),
(29, 9, 18, 19, 17.00),
(30, 10, 20, 21, 22.50),
(31, 11, 22, 23, 14.00),
(32, 12, 24, 25, 20.00),
(33, 13, 26, 27, 12.50),
(34, 14, 28, 29, 9.00),
(35, 15, 30, 31, 23.00),
(36, 16, 32, 33, 10.50),
(37, 17, 34, 35, 14.50),
(38, 18, 36, 37, 11.00),
(39, 19, 38, 39, 19.50),
(40, 20, 40, 1, 15.00),
(41, 1, 3, 4, 8.50),
(42, 2, 5, 6, 22.00),
(43, 3, 7, 8, 18.50),
(44, 4, 9, 10, 16.00),
(45, 5, 11, 12, 10.50),
(46, 6, 13, 14, 9.00),
(47, 7, 15, 16, 12.00),
(48, 8, 17, 18, 14.50),
(49, 9, 19, 20, 11.00),
(50, 10, 21, 22, 23.50);
